{"Loss_agile": 0.04865836724638939, "Loss_safe_ic": 0.047839220613241196, "Loss_dang_ic": 0.046710558235645294, "Accuracy": 0.7142834067344666, "Dist Error": 1.0802840197822172, "Safety Ratio": 1.0, "Step": 69999, "_timestamp": 1709866931.4245663, "_runtime": 77728.66328835487, "_step": 69999, "_wandb": {"runtime": 77727}}