{"Loss_agile": 0.040529996156692505, "Loss_safe_ic": 0.04038482904434204, "Loss_dang_ic": 0.04017027094960213, "Accuracy": 0.42856982350349426, "Dist Error": 0.9227024920092171, "Safety Ratio": 0.9609375, "s": 5.986307774964955, "s_ref": 5.0, "u": 0.1300085484981537, "Step": 5, "_timestamp": 1712133625.954718, "_runtime": 21.193408012390137, "_step": 5}