{"Loss": 0.31195053458213806, "Accuracy": 0.7142834067344666, "Dist Error": 0.9385815065933124, "Safety Ratio": 0.9303571428571429, "Step": 12, "_timestamp": 1709706443.1351063, "_runtime": 21.011170387268066, "_step": 12}