{"Loss": NaN, "Accuracy": NaN, "Dist Error": NaN, "Safety Ratio": NaN, "Step": 712, "_timestamp": 1709402156.011683, "_runtime": 772.5448479652405, "_step": 712}