{"Loss": 0.0006249996367841959, "Accuracy": NaN, "Dist Error": NaN, "Safety Ratio": NaN, "Step": 7, "_timestamp": 1709645343.736414, "_runtime": 16.189054012298584, "_step": 7}