{"Loss_agile": 0.16685348749160767, "Loss_safe_ic": 0.16437281668186188, "Loss_dang_ic": 0.16253964602947235, "Accuracy": 2.428570032119751, "Dist Error": 1.8720702482800968, "Safety Ratio": 0.7994140625, "s": 2.615607079122674, "s_ref": 2.0, "u": -0.013444274663925171, "Step": 76, "_timestamp": 1712133907.0591881, "_runtime": 172.39712619781494, "_step": 76}