{"Loss": 0.0008111075730994344, "Accuracy": NaN, "Dist Error": NaN, "Safety Ratio": NaN, "Step": 43, "_timestamp": 1709644919.9642658, "_runtime": 54.861249923706055, "_step": 43}