{"Loss_agile": 0.04710014536976814, "Loss_safe_ic": 0.046974021941423416, "Loss_dang_ic": 0.046791546046733856, "Accuracy": 0.7142834067344666, "Dist Error": 0.7663919830148003, "Safety Ratio": 0.825, "s": [4.750387208757802, 7.085863777253074, 6.815793599228492, 1.9904540506503563], "s_1": [1.5062387632850969, 7.676480761749662, 0.9407776602571835, 1.4402003315853609], "s_ref": [5.0, 7.0, 8.0, 2.0], "s_ref_1": [1.0, 8.0, 1.0, 1.0], "u": 0.012866679579019547, "Step": 133, "_timestamp": 1712124327.4490862, "_runtime": 221.17348217964172, "_step": 133}