{"Loss": NaN, "Accuracy": NaN, "Dist Error": NaN, "Safety Ratio": NaN, "Step": 17, "_timestamp": 1709400714.5069907, "_runtime": 42.45115661621094, "_step": 17}