{"Loss_agile": 0.04016083851456642, "Loss_safe_ic": 0.04012990742921829, "Loss_dang_ic": 0.040085941553115845, "Accuracy": 0.42856982350349426, "Dist Error": 0.7305122285389808, "Safety Ratio": 1.0, "s": 7.080549217157773, "s_ref": 8.0, "u": -0.10067291557788849, "Step": 0, "_timestamp": 1712133426.4603627, "_runtime": 13.411452770233154, "_step": 0, "_wandb": {"runtime": 11}}