{"Loss": NaN, "Accuracy": NaN, "Dist Error": NaN, "Safety Ratio": NaN, "Step": 67, "_timestamp": 1709402986.7624269, "_runtime": 74.86756777763367, "_step": 67}