{"Loss": 0.0007499995408579707, "Accuracy": NaN, "Dist Error": NaN, "Safety Ratio": NaN, "Step": 13, "_timestamp": 1709645138.0682313, "_runtime": 21.651812314987183, "_step": 13}