{"Loss_agile": 0.07566025853157043, "Loss_safe_ic": 0.07470157742500305, "Loss_dang_ic": 0.07414647191762924, "Accuracy": 0.42856982350349426, "Dist Error": 46.35460503928225, "Safety Ratio": 0.99375, "s_a1_x": 2.8546252159855774, "s_a1_y": 1.8506259575858675, "s_a2_x": 2.869623919721926, "s_a2_y": 7.519983850219751, "s_a3_x": 1.78424018791621, "s_a3_y": 1.9297498062583551, "s_a4_x": 2.925717982195443, "s_a4_y": 5.170481496975763, "s_ref": 3.0, "u": 0.004636112600564957, "Step": 23195, "_timestamp": 1712164630.6770756, "_runtime": 28461.204630613327, "_step": 23195, "_wandb": {"runtime": 28462}}