{"Loss_agile": 0.0402226522564888, "Loss_safe_ic": 0.040188465267419815, "Loss_dang_ic": 0.04013427346944809, "Accuracy": 0.42856982350349426, "Dist Error": 1.0088593604208458, "Safety Ratio": 1.0, "s_a1_x": 6.059721183466056, "s_a1_y": 2.6039440340376494, "s_a2_x": 4.733021055531588, "s_a2_y": 6.780356387479936, "s_a3_x": 1.3514052042735574, "s_a3_y": 2.326455409176186, "s_a4_x": 2.5799618837975675, "s_a4_y": 7.024472138974813, "s_ref": 6.0, "u": -0.014906035736203194, "Step": 39, "_timestamp": 1712136000.9035408, "_runtime": 58.68200874328613, "_step": 39}