{"Loss_agile": 0.16647319495677948, "Loss_safe_ic": 0.16612458229064941, "Loss_dang_ic": 0.16629713773727417, "Accuracy": 2.428570032119751, "Dist Error": 0.20177488304212512, "Safety Ratio": 0.88390625, "s": 7.981845217138637, "s_ref": 8.0, "u": 0.006638479419052601, "Step": 0, "_timestamp": 1712133366.4865794, "_runtime": 14.447249412536621, "_step": 0, "_wandb": {"runtime": 12}}