{"Loss_agile": 0.47522592544555664, "Loss_safe_ic": 0.48808956146240234, "Loss_dang_ic": 0.5279181003570557, "Accuracy": 0.7142834067344666, "Dist Error": 175.20768363494685, "Safety Ratio": 1.0, "Step": 69999, "_timestamp": 1709786807.9800837, "_runtime": 78048.63631081581, "_step": 69999, "_wandb": {"runtime": 78047}}