{"Loss_agile": 0.0406612902879715, "Loss_safe_ic": 0.04035438969731331, "Loss_dang_ic": 0.03994857519865036, "Accuracy": 0.42856982350349426, "Dist Error": 0.5150807097080286, "Safety Ratio": 0.9791666666666666, "s_a1_x": 6.879521160480573, "s_a1_y": 7.778040132110006, "s_a2_x": 6.716340064170772, "s_a2_y": 2.111972417596943, "s_a3_x": 7.94503907064604, "s_a3_y": 2.0595351735239333, "s_a4_x": 3.7665953320409167, "s_a4_y": 7.76048749484682, "s_ref": 7.0, "u": -0.009381543844938278, "Step": 1273, "_timestamp": 1712135854.4630108, "_runtime": 1583.911464691162, "_step": 1273}