{"Loss_agile": 0.04031364992260933, "Loss_safe_ic": 0.04024825990200043, "Loss_dang_ic": 0.040148839354515076, "Accuracy": 0.42856982350349426, "Dist Error": 0.5804369742711151, "Safety Ratio": 1.0, "s_a1_x": 7.828815576001078, "s_a1_y": 0.9209357522828462, "s_a2_x": 2.951252903660992, "s_a2_y": 6.559962403669954, "s_a3_x": 2.292442258067424, "s_a3_y": 7.843836661711576, "s_a4_x": 1.1820190059379698, "s_a4_y": 6.7953461253182095, "s_ref": 8.0, "u": 0.007089056074619293, "Step": 64, "_timestamp": 1712240575.4362724, "_runtime": 93.96878743171692, "_step": 64}