{"Loss_agile": 0.04785006120800972, "Loss_safe_ic": 0.047466959804296494, "Loss_dang_ic": 0.04024230316281319, "Accuracy": 0.7142834067344666, "Dist Error": 0.8478123949978735, "Safety Ratio": 1.0, "s": 7.615907116762831, "s_ref": 8.0, "u": 0.0376676470041275, "Step": 27, "_timestamp": 1711609242.4100144, "_runtime": 63.007230281829834, "_step": 27}