{"Loss_agile": 0.18037049472332, "Loss_safe_ic": 0.318239688873291, "Loss_dang_ic": 0.5765765905380249, "Accuracy": 0.42856982350349426, "Dist Error": 20.370802129425016, "Safety Ratio": 1.0, "Step": 187, "_timestamp": 1709708209.6961658, "_runtime": 214.75899481773376, "_step": 187}