{"Loss": 0.32773497700691223, "Accuracy": 0.42856982350349426, "Dist Error": 1.382615167288112, "Safety Ratio": 1.0, "Step": 53, "_timestamp": 1709645606.9363923, "_runtime": 63.740838289260864, "_step": 53}