{"Loss_agile": 0.041211891919374466, "Loss_safe_ic": 0.040704336017370224, "Loss_dang_ic": 0.0400150828063488, "Accuracy": 0.42856982350349426, "Dist Error": 1.0684604256760992, "Safety Ratio": 1.0, "s": 4.970025981002828, "s_ref": 5.0, "u": -0.015767596662044525, "Step": 7126, "_timestamp": 1712133958.6779554, "_runtime": 9132.475262403488, "_step": 7126}