{"Loss_agile": 0.04825151339173317, "Loss_safe_ic": 0.034805525094270706, "Loss_dang_ic": 0.03476099669933319, "Accuracy": 0.7142834067344666, "Dist Error": 2.215056745075908, "Safety Ratio": 0.9306686046511627, "Step": 40, "_timestamp": 1709789028.617131, "_runtime": 48.52771306037903, "_step": 4}