{"Loss": NaN, "Accuracy": NaN, "Dist Error": NaN, "Safety Ratio": NaN, "Step": 10, "_timestamp": 1709643506.8284106, "_runtime": 22.235463619232178, "_step": 10}