{"Loss": NaN, "Accuracy": NaN, "Dist Error": NaN, "Safety Ratio": NaN, "Step": 113, "_timestamp": 1709401349.566821, "_runtime": 122.13098001480103, "_step": 113}